as_of,model,size,leather,live_listings,resellers,median_usd,p25_usd,p75_usd
2026-10-07,birkin,all,all,3932,58,27030,19000,35906
2026-10-07,birkin,20,all,29,8,345000,198000,398000
2026-10-07,birkin,20,Alligator,10,6,223058,198000,350198
2026-10-07,birkin,25,all,1464,52,31250,25995,39788
2026-10-07,birkin,25,Alligator,95,19,88000,78000,90662
2026-10-07,birkin,25,Barenia,23,13,31056,28354,36000
2026-10-07,birkin,25,Box Calf,11,4,36000,34512,39000
2026-10-07,birkin,25,Chevre Mysore,12,8,30022,24338,33375
2026-10-07,birkin,25,Clemence,15,3,36500,32000,42000
2026-10-07,birkin,25,Crocodile Niloticus,72,18,88000,67778,98000
2026-10-07,birkin,25,Epsom,90,24,34374,27500,36000
2026-10-07,birkin,25,Lizard,21,8,88000,48000,88000
2026-10-07,birkin,25,Ostrich,48,12,46500,36669,48000
2026-10-07,birkin,25,Swift,193,29,29680,22261,42000
2026-10-07,birkin,25,Togo,651,41,28920,25713,32000
2026-10-07,birkin,29,all,12,4,40000,35328,42000
2026-10-07,birkin,30,all,1671,55,24500,18784,32154
2026-10-07,birkin,30,Alligator,47,12,72500,52500,88000
2026-10-07,birkin,30,Barenia,12,7,29000,19995,36125
2026-10-07,birkin,30,Box Calf,11,6,32500,29582,53000
2026-10-07,birkin,30,Chevre Mysore,18,9,22248,16624,25938
2026-10-07,birkin,30,Clemence,156,24,18588,16269,22025
2026-10-07,birkin,30,Crocodile Niloticus,123,27,68000,46132,88000
2026-10-07,birkin,30,Epsom,292,37,21938,17995,28000
2026-10-07,birkin,30,Ostrich,58,19,28755,25056,35698
2026-10-07,birkin,30,Swift,49,16,34500,22000,36500
2026-10-07,birkin,30,Togo,626,42,24204,19536,29930
2026-10-07,birkin,32,all,10,6,13838,11717,16060
2026-10-07,birkin,35,all,966,52,17834,14500,28000
2026-10-07,birkin,35,Alligator,23,6,59500,44557,83000
2026-10-07,birkin,35,Barenia,13,7,36000,18500,52223
2026-10-07,birkin,35,Clemence,89,24,16041,13160,18994
2026-10-07,birkin,35,Crocodile Niloticus,52,11,50000,44500,78812
2026-10-07,birkin,35,Crocodile Porosus,12,3,67704,40106,148000
2026-10-07,birkin,35,Epsom,115,23,16715,14470,20580
2026-10-07,birkin,35,Ostrich,12,7,20443,19214,23060
2026-10-07,birkin,35,Swift,33,17,36000,19995,48500
2026-10-07,birkin,35,Togo,330,39,18500,15224,26545
2026-10-07,birkin,40,all,152,27,17720,14280,30000
2026-10-07,birkin,40,Togo,62,20,20128,16402,27874
2026-10-07,birkin,42,all,33,7,16500,16000,28000
2026-10-07,birkin,42,Clemence,12,3,16500,16000,16938
2026-10-07,birkin,42,Togo,13,6,16500,16000,18000
2026-10-07,birkin,50,all,10,5,29500,23344,34500
2026-10-07,constance,all,all,552,42,12500,9995,16695
2026-10-07,constance,18,all,377,36,13500,10500,18243
2026-10-07,constance,18,Alligator,28,12,27819,22754,35988
2026-10-07,constance,18,Box Calf,13,7,15750,10880,17910
2026-10-07,constance,18,Chevre Mysore,48,12,12685,10359,18500
2026-10-07,constance,18,Epsom,130,25,12650,10995,15594
2026-10-07,constance,18,Evercolor,14,8,9546,8995,12216
2026-10-07,constance,18,Lizard,10,9,23343,15496,24136
2026-10-07,constance,18,Ostrich,10,5,19248,16766,22188
2026-10-07,constance,18,Swift,35,14,11475,9252,14830
2026-10-07,constance,24,all,187,32,11330,9110,15376
2026-10-07,constance,24,Epsom,93,24,11189,8852,12965
2026-10-07,constance,24,Evercolor,21,10,8995,7870,10260
2026-10-07,constance,24,Swift,15,11,11400,8386,15685
2026-10-07,constance,25,all,10,4,13198,10675,15160
2026-10-07,kelly,all,all,4931,57,25500,17690,33357
2026-10-07,kelly,18,all,27,3,27628,22140,32850
2026-10-07,kelly,18,Swift,13,3,24982,22020,25818
2026-10-07,kelly,20,all,480,29,35016,29974,46403
2026-10-07,kelly,20,Alligator,54,9,80413,72243,90581
2026-10-07,kelly,20,Box Calf,17,8,28500,25221,30825
2026-10-07,kelly,20,Chevre Mysore,35,10,34528,32500,41998
2026-10-07,kelly,20,Epsom,159,20,33500,29998,36688
2026-10-07,kelly,20,Ostrich,16,8,42000,34535,45625
2026-10-07,kelly,20,Swift,10,6,68590,53182,79625
2026-10-07,kelly,25,all,1143,47,27991,23396,32500
2026-10-07,kelly,25,Alligator,41,11,65962,59500,84500
2026-10-07,kelly,25,Barenia,11,8,29032,23028,34250
2026-10-07,kelly,25,Box Calf,12,6,34250,30020,36000
2026-10-07,kelly,25,Chevre Mysore,24,9,27495,23440,31422
2026-10-07,kelly,25,Crocodile Niloticus,33,12,88000,62211,145950
2026-10-07,kelly,25,Epsom,427,36,28357,23521,32000
2026-10-07,kelly,25,Ostrich,13,7,40500,34606,47500
2026-10-07,kelly,25,Swift,85,23,24143,19825,32500
2026-10-07,kelly,25,Togo,244,35,25620,22499,28593
2026-10-07,kelly,28,all,1112,53,20587,15944,26169
2026-10-07,kelly,28,Alligator,25,12,54500,41762,69500
2026-10-07,kelly,28,Box Calf,58,14,15584,14452,17066
2026-10-07,kelly,28,Chevre Mysore,12,5,22732,19562,24500
2026-10-07,kelly,28,Clemence,56,12,20020,16205,26750
2026-10-07,kelly,28,Crocodile Niloticus,37,16,43302,35031,78500
2026-10-07,kelly,28,Epsom,280,37,22648,17995,26436
2026-10-07,kelly,28,Evercolor,34,15,17950,15529,24862
2026-10-07,kelly,28,Ostrich,14,6,27000,20518,29500
2026-10-07,kelly,28,Swift,31,12,20252,17064,23500
2026-10-07,kelly,28,Togo,195,36,21930,16960,25000
2026-10-07,kelly,32,all,763,48,14011,11982,17574
2026-10-07,kelly,32,Alligator,12,8,40724,30136,44500
2026-10-07,kelly,32,Box Calf,98,9,13900,11853,15290
2026-10-07,kelly,32,Clemence,34,12,12355,10800,19250
2026-10-07,kelly,32,Crocodile Niloticus,25,6,34500,26830,39500
2026-10-07,kelly,32,Crocodile Porosus,12,4,28444,20005,32910
2026-10-07,kelly,32,Epsom,71,22,17318,13638,22194
2026-10-07,kelly,32,Swift,17,12,16155,13227,18596
2026-10-07,kelly,32,Togo,123,30,14280,12500,17936
2026-10-07,kelly,32,Toile,11,7,14280,12580,17916
2026-10-07,kelly,35,all,253,36,13227,10995,15740
2026-10-07,kelly,35,Box Calf,30,9,13227,11824,14347
2026-10-07,kelly,35,Clemence,22,12,11195,8248,13264
2026-10-07,kelly,35,Crocodile Niloticus,11,7,28583,22979,41952
2026-10-07,kelly,35,Epsom,25,13,15525,14500,17374
2026-10-07,kelly,35,Togo,41,18,12580,10445,14500
2026-10-07,kelly,40,all,29,12,11939,7499,13912
2026-10-07,kelly,42,all,20,8,27962,14875,34801
2026-10-07,kelly,42,Togo,10,6,29976,25726,32601
